text,label
Mossad unveils network of Hamas terror infrastructure across Europe â€” According to the Mossad coordinated raids in Austria and Germany resulted in arrests and the seizure of weapons and explosives intended for use on command.,figurative
Hamas rejects UN Gaza resolution says international force would become party to conflict,literal
Churu cat snacks are wasteful They're going to be the K cups of our time. Using a little bit of waste every time you want to give your cat a treat is a lot of unnecessary waste that is clogging up our already overburdened waste system...,figurative
In the small town of Jemison Alabama there have been ongoing ICE protests.,literal
Logos are usually put on brands that (used to) make decent clothing to let you know that you can expect a certain level of quality from that garment.,literal
Then what makes you a good person? The point of being s good person is doing what YOU can do to cause good and for some people donating IS their way of doing good,literal
Mark Epstein: 'Jeffrey definitely had dirt on Trump',figurative
Fumbling a ball out of bounds in American football should be a turnover. In other sports like soccer and basketball if a team loses a ball that goes out of bounds the other team receives the ball. In football the team that fumbles receives the ball unless the fumble occurs in the endzone only then it's a turnover. This would make fumbling consistent no matter where it goes out of bounds.,literal
I'm English so yeah. I think Andrew should face charges and I think law enforcement should be pursuing them but they won't. He only had his title and residence stripped because the royals are trying to distance themselves from him.,figurative
Polish PM says railway track blast was 'unprecedented act of sabotage',literal
that's okay. Because no matter what at the end of the day at least one person is receiving love from these kind gestures. This is so obvious and yet so many people miss this thank you.,figurative
These aren't school photos why are you talking about them? We're talking about proposal photos. Although even for school photos the answer is usually yes you can get digital versions of those photos and probably should in 2025.,literal
It's because you talked about how expensive the proposal already is for you,literal
As a reminder this subreddit is for civil discussion. In general please be courteous to others. Argue the merits of ideas don't attack other posters or commenters. Hate speech any suggestion or support of physical harm or other rule violations can result in a temporary or a permanent ban. If you see comments in violation of our rules please report them. Sub-thread Information If the post flair on this post indicates the wrong paywall status please report this Automoderator comment with a custom report of incorrect flair. Announcement r/Politics is actively looking for new moderators. If you have an interest in helping to make this subreddit a place for quality discussion please fill out this form. I am a bot and this action was performed automatically. Please contact the moderators of this subreddit if you have any questions or concerns.,literal
Prince's songs did not age well and I feel like he isn't as legendary as he is considered I've been listening to tons of music lately all of prolific artists that are considered legends today like MJ The Beatles Marvin Gaye and Prince. I'm a huge fan of all of those artists besides Prince maybe you just had to be there to really understand it. His singing is okay and I know he is a legendary guitarist so wont contest that. Songs like 1999 and when doves cry idk his vocals just take me out of it and just don't sit well...,figurative
Admit your mistake by calling them and asking for forgiveness. This is important to your finance and his relationship with a good friend. Your reasoning is too rigid.,literal
Papyrus shouldn't be the norm for cards and gift wrapping bring back the good old greeting card companies Stores used to have lots of options for cards cute cheap paper average paper funny etc then the high end papyrus brand section if you wanted yo make a statement. Now it's only the papyrus brand and it's beyond ridiculously priced...,literal
U.S. trade deficit drops 24% in August as Trump's tariffs reduce imports,literal
Do people think Smaug was the example of too much CGI in the Hobbit? Also not sure where they'd find a real talking dragon......,figurative
Drone strikes Turkish tanker in Ukraine's Odesa where US natural gas will go,literal
Before being elected the first time Trump claimed he could solve terrorism but didn't want to say how without being elected. He finally caved in an interview and his answer was murder the terrorists' families. Terrorist don't care about themselves but they care about their families. When elected he removed restrictions on drone strikes that avoided killing civilians and stopped reporting when they killed them. and then there's the blowing up suspected drug boats thing. Kill everyone despite no imminent danger. It should be illegal if it isn't but it also shows he'll kill people as a preference not a last resort. MAGA is about protecting MAGA. He only refers to his opponents with extreme terminology so that if he has the opportunity he can declare them terrorists so he can go to town.,figurative
Donating money doesn't make you a good person A lot of time I have seen people defending celebs and influencers by saying They do a lot of charity. I don't think charity makes you a good person. Charity is like investment to them. It just to make themselves look good and make money. They don't really give a shit about anyone. Secondly If someone is earning 2-3 million a year then donating like 1% of your income to charity doesn't mean shit.,literal
In any case no information is traveling faster than the speed of light so why not just use regular light communication for information transfer? I mean this is all very interesting but nothing about it is practical in terms of sending information anywhere. Maybe for special cases like encryption or something?,literal
Comey to argue vindictive prosecution by Trump warrants dismissal,literal
Trump's disapproval rating hits worst point for second term: DDHQ average,figurative
Schumer says Trump DOJ can't 'f*** around' in releasing Epstein files: 'I don't trust Bondi',literal
People however should always be skeptical of any highly politicized intelligence agency's claims.,literal
Not taking a lunch break isn't a flex it's poor time management. This is specifically directed at people in the office who brag about being soo busy they don't have time to take a lunch break. Bonus points if they're passive aggressive towards you for taking your break. It doesn't make you sound like a hard worker it just sounds like you have poor time management skills.,figurative
DOJ admits full grand jury never reviewed final Comey indictment further imperiling case,literal
They exist most people just think they look hideous.,literal
Furious progressives swarm Schumer's job as Democratic leader,figurative
As corruption scandal hits Zelensky's party lawmakers side with opposition demand answers powers,figurative
Kleenex sucks and there is no reason to use them Kleenex is one of the most unnecessary brands out there. Their tissues are thin dissolve immediately are not particularly soft and not exactly cheap. Overall there's so many superior tissue brands that I wonder why Kleenex is even still popular.,literal
An egg scramble made with omelette ingredients is better than an actual omelette When you make an egg scramble with ingredients of an omelette the filling gets dispersed throughout and the ingredients are evenly distributed throughout the dish during preparation. I also prefer the consistency as opposed to having a bunch of omelette filling in between two layers of egg. Bonus points for cheese lovers in scrambles too because the cheese can melt all throughout the scramble and makes it all that much more delicious.,figurative
They put ads in my $139 prime membership to help fund those budgetsâ€¦ arguably they are spending my money/time depending on whether I pay $36 a year more for no ads or spend my time watching the ads.,literal
Parasocial is named as Cambridge Dictionary Word of the Year,literal
Oof. I hate them so much. An absolute blaspheme against a great story. Have an updoot.,figurative
Russian Neo-Nazis Group Launch Photo Contest With Killed Ukrainian POWs,literal
Traditional theatre is better than musical theatre I get the appeal of musical theatre really I do. However traditional theatre is not only more accessible to actors and performers physically and logistically but designers can get creative with the staging...,literal
Well the US/NATO are the ones propping up Ukraine's ability to wage war Oh no they give Ukraine weapons to defend themselves against murderers and rapists. How terrible of them. but they are in the advantageous position unfortunately and likely see no reason to throw away their ill-gotten gains Hence why many democratic nations around the globe are supporting Ukraine so they can sustain the fight and make it so costly for Russia to continue that they give up.,figurative
Media literacy isn't dead; it was never alive There's this quite clearly uncritically accepted idea that media literacy is dead because people can't parse the media they watch or listen to or read. But here's the thing: I think in the best days of the past most people couldn't parse the media they watched listened to or read... Media literacy couldn't have died because most people have never had the capacity to be media literate. Conversely today more people than ever have that capacity and simply choose not to be.,figurative
No because one man in a trench makes no difference compared to the the entire arms and logistics network of NATO It's a false equivalence because you're comparing a drop of water falling into the ocean vs fucking Chicxulub,figurative
People bitch and moan and moan and bitch that movies based on books don't tell the full story. Then you give them THREE movies based on ONE book and they bitch and moan and moan and bitch that it's 3 movies. Do you people want every last detail of the book in the movie or not?,literal
I'm willing to bet that even after redacting Trump there will be other names that will sing about Trump's guilt and they know this.,figurative
US holding secret peace talks with Moscow to end Russia's war against Ukraine Axios reports,literal
$5 per prints. $20 lunches. $200 books. $1600 a month rent. $50000 tuition. Nah dawg. I'll just go to my local uni for free.,literal
Cycling is better than walking or running Cycling is way better than walking or running. I don't get why people torture themselves when bikes exist. It's faster more efficient and way easier on your joints. You can cover long distances without feeling completely drained get places quicker and still get a solid workout. Plus its actually fun wind in your face sense of freedom no endless pounding on your knees or feet.,figurative
Ukrainian Foreign Minister Sybiha: Russians' Support of War Crimes â€“ More Enthusiastic Than Nazi Germany,literal
Marshall Islands Launches Nationwide Universal Basic Income Program Using Digital Infrastructure,literal
He was doing it because Cheney was ex vice president of Haliburton and secured a 36 billion dollar contract out of them it's also quite strange that the Pentagon announced like a week prior to 9/11 that they were in debt something to the tune of 4 trillion dollars and then the part that gets hit just happens to be where the financial records are. There's also ample evidence his administration knew 9/11 would happen and didn't take action. Whether we blame Bush or not his administration was absolutely foul and likely stamped the death of thousands of people. Trump is a monster far worse but if we lose context on the evils of the past we aren't really learning from our mistakes as a country,figurative
The watermelon jolly rancher tastes disgusting The watermelon Jolly Rancher tastes downright unpleasant. Instead of the bright refreshing sweetness you'd expect it comes across as overwhelmingly artificial almost like you're tasting a burst of harsh chemical flavoring. Compared to the other Jolly Rancher flavors which tend to be much smoother and more enjoyable the watermelon one really stands out in a bad way.,literal
Confronted with Epstein question Trump takes aim at ABC's broadcast license,figurative
Trump 79 Launches Self-Soothing Posting Frenzy After Epstein Humiliation,figurative
It's a good way to transport quantum information which quantum computers use. The problem is useful quantum computers are 20 years away just like they were 20 years ago.,figurative
Homelander is NOT a funny character and he has no sense of humor I've heard some people say that they find Homelander from the Prime tv show 'The Boys' funny and they actually laugh at some of his scenes. I don't get it. He's never cracked any actually jokes with a punchline in all the seasons of The Boys so far...,figurative
Trump officials announce $1bn loan to restart Three Mile Island nuclear plant,literal
Fraud reports hit 13673 with losses reaching NT$6bn - Taipei Times,figurative
Over 30000 Charlotte students absent from school in protest of ICE operation reports say,literal
Stephen Curry has surpassed LeBron James in the GOAT debate Obviously Jordan will always be #1 and Kobe...well because he died his legacy is heightened but Curry is objectively next on the list. Sports fans are always going on about how much tougher sports are today compared to decades ago. Look no further than the Olympics where records are broken every few years. Well by that logic Curry's 4 titles > LeBron's 4 titles.,literal
Russian drones strike Ukrainian public broadcaster newsroom in Dnipro injuring two,literal
A Washington humiliation leaves Trump more politically exposed on Epstein than ever before,figurative
Russia can Never be trusted.. For the last 1000 years Russia has invaded neighboring countries stolen the land and brutalized the populations. Russia is a cancer.,figurative
Trump threatens ABC News broadcast license after reporter asks about Epstein,literal
Trump quote about bathrooms and water pressure during McDonald's speech is authentic,literal
Trump and MTG's Breakup Goes Far Beyond the Epstein Files,figurative
Saudi Journalist's Widow Slams Trump Shrugging Off His Horrific Murder,figurative
I'd call it the dot com bubble with a bit of Beanie Babies in it and a bit of the e and i era of prefixes. Lots of spending on what could be not will be and throwing money at it if it whispers AI while putting AI in every name or product to make it look new and cutting edge. While the actual products will probably die and any surviving ones will rebrand.,figurative
AI is good at cranking out cheap quick filler art for when you don't really need it to look good.,figurative
The best Reese's are the minis There. I said it. Not everyone likes peanut butter that much and Reese's actually made me despise peanut butter more. The mini ones are perfect with a balanced ratio of chocolate to peanut butter. That is a candy. If you want peanut butter then just eat peanut butter. I am pretty sure that Reese's sells their peanut butters in jars too.,literal
well sadly Russia israel and ukraine does it currently,literal
Officials death figures from CDC is -1.1 million deaths. 70% of the 1.1 millions deaths happened during Biden tenure That's the reason the media doesn't bring it up,literal
'We Ain't Buying It': Pro-MAGA monopolies targeted for holiday boycott,literal
Why all the Epstein files may not come out even though Congress took action,literal
Well yeah? That's what my initial comment said almost word for word? That gendered difference is 100% what it is because men look different than women. Women's styles are also normally different than mens. It is what it is if you want to call that propaganda then sure. But when it comes to suits (that's what this is about) I stand by my comment. Not everything has a deeper meaning or source. This is the kind of bs arguments that make conservatives look at us like nutjobs.,figurative
Indiana Professor Removed From Class Over White Supremacy Lesson,literal
Nigeria: Parents anxiously waiting for the release of kidnapped schoolgirls,literal
Obamacare tax credits look likely to expire as Trump rules out an extension,literal
Completely understandable and it sucks what the US has done the past 11 or so months to our neighbors to the north. I'd like to add that I've visited Quebec twice in the past couple of months and both were great trips. Everyone I met was incredibly nice and helpful. Like over the top nice compared to what I run into here in the US. So it seems the hatred is directed at the US government and not US citizens visiting Canada which was appreciated.,literal
I think everyone saw this coming whether out of incompetence or maliciousness or both but even as a cynic I expected a little more skill and preparation than this. Comey has an all star legal team but this glaring breach of procedure seems like something a public defender would've caught.,figurative
South Africa to refuse charter flights of Palestinians over fears of 'cleansing agenda',literal
yeah it feels like it takes insanely long to shop for something that lasts because you have to sort through thousands and thousands of branded slop.,figurative
The same day as his Epstein humiliation in the House Trump rages at media's questions while sitting next to Saudi crown prince,figurative
Jeffrey Epstein files vote expected to win near-unanimous backing in House,literal
This is only good news if exports stayed the same or increased. Every headline I have seen says foreign countries are just finding new sources for their goods and Americans are suffering.,literal
US Warns South Africa Not to Issue G-20 Statement at Summit,literal
Yes. The entire foundation of the Pro-Palestinian movement is the violent hatred of Jews. You don't attack Jews Synagogues Holocaust museums etc. in Europe Canada Australia the US etc. if your issue is with the government of Israel and how it's handling a war started by Palestinians. The fact that these people target Jews who have nothing to do with Israel or the war proves it's about hating Jews and anti-Zionism is just the new Antisemitism dog whistle.,figurative
Judge orders Texas school districts to remove Ten Commandments displays in response to new lawsuit filed by families,literal
She's a member of congress. She's absolutely one of the people that would decide.,literal
She knew that already what she just figured out is that all women includes the one she actually cares about.,literal
NYPD Commissioner Jessica Tisch accepts Mayor-elect Zohran Mamdani's offer to stay as top cop,literal
'Humiliated' Johnson Fumes as Epstein Files Saga Blows Up in His Face,figurative
I agree. They range in the 7-8 out of 10 range but get compared to perfect 10s so they look worse by comparison.,literal
Trump to sign Epstein bill 'whenever it gets to White House': Official,literal
Secret Tape That Could Spin Trump Into Another Cover-Up Scandal,figurative
One of 25 abducted students in Nigeria escapes as the search continues for the missing girls,literal
Gunmen abduct 25 girls from a Nigerian high school and kill one staff member,literal
The Germans specialty in the scientific endeavors was never engineering but chemistry TL;DR - Analyzing German history since around 1870 their advances in Chemistry have always lead or outdid the rest of the world. Engineering reputation is overrated...,literal
Term limits. Period. Less time worrying about fundraising for reelection and more time representing their constituents.,literal
The concept of outside clothes and outside germs is germaphobic and mostly useless. Of course if you have a job where you come in contact with bodily fluids disease and grime that's a different story as you would actually be covered in a higher percentage of potentially dangerous germs and bacteria and changing clothes and showering immediately when you get home would be normal. But if you're just going out shopping or making a quick errand I genuinely think there's something wrong in your brain if you're thinking and worrying about germs and poop particles and whatnot that could potentially be on every surface...,literal
Pope Leo Torches Trump's 'Extremely Disrespectful' Agenda,figurative
Also stop voting for establishment Democrats in the primaries. We need at least one major party in this country that's not bought by billionaires and corroding if we're going to take the government back and make them work for the people again.,figurative
Trump's Niece Torches Him Over 'Despicable' Piggy Insult to Female Reporter | Mary Trump said it would be an insult to pigs to call her uncle one.,figurative
You're right. I was thinking Nixon who only lost Massachusetts in 1972,literal
There was one celeb that did come out and say that they were in the flight logs but were innocent. I think it was Chris Tucker. He's the only one that I've heard mention anything about not being involved in the pedo ring. He was with Bill Clinton and Kevin Spacey for an AIDS/HIV epidemic summit so not the best company to be with lol,literal
How else will I know you aren't holding a dagger in your right hand?,figurative
Attack on Titan is an overhyped show/manga! I never got it. The action sequences were nice and it seemed like the story was going somewhere. But then showing the protagonists as the antagonists was just wild. Trying to make the storyline an allegory of the present-day world was just an overused cliche. And to top it all the ending was simply a cop-out!,figurative
I wouldn't even give two shits whether the US wanted to sanction over it. Ukraine gave away their nukes for guaranteed territorial integrity both Russia and the US agreed to respect it and see where that went. They tariff us on a daily basis anyhow. Might as well make it worth our while.,literal
I'm not talking at all about the past or denying that Dems like Schumer and Biden and Pelosi long overstayed their due and have repeatedly fucked up and disappointed. But the conversation was about what the Dems (any of them) can do moving forward. I'm genuinely asking what Dems can actually do to stop the GOP's agenda now. What exactly are people wanting or expecting? But with regards to this: If the Dems just did X (hold firm on the shutdown not conceding to a handshake deal on extending healthcare subsidies force Mike Johnson to swear in Grijalva before agreeing to end the shutdown force an emergency full funding on SNAP benefits while in shutdown and not accept any concessions until Republicans agree to those terms) then they could stop certain aspects of the GOP's agenda. What would that actually look like? How could the Dems force Johnson and the GOP to make those sizable concessions when those people were perfectly fine continuing the shutdown? Everyone's disappointed with how it ended but I'm not sure how else it would have ended unless we're counting on Republicans to suddenly develop empathy and compassion.,literal
Trump: India's US exports jump despite 50% tariffs as trade tensions ease,figurative
Mike Johnson to back Epstein files discharge petition,literal
India strengthens privacy law with new data collection rules,literal
Because here mods shut down literally everything leading to the same stuff being posted over and over and stagnating on the front page. Then we have the evil twin brother r\trueunpopularopinion which is so unmoderated it has turned into a right wing echo chamber I just want someone looking in the middle of these two extremes.,figurative
Any second now guys we are going to officially start a war with probably Argentina.,figurative
Despite congressional action quick release of Epstein files is in doubt,literal
I miss the 90s trend of clothing having utterly meaningless words on them to look cool One that I will always remember is a jacket that said PACIFIC TEAM SPIRIT BEST QUALITY ATTIRE CASUAL DECK WEAR on it.,literal
Israel used widely banned cluster munitions in Lebanon photos of remnants suggest,literal
Freed from prison by Trump Lakewood con man Eli Weinstein gets 37 years in latest fraud,literal
Bukhari came out 200 years after the Quran. Most Muslims especially those raised in or who live in western countries focus on the Quran itself and don't follow the hadiths (ie Bukhari). The Muslims who believe the Hadiths are more similar to Orthodox or Hasidic Jews. Most Muslims are like the average Jewish person in that sense. The average Jewish person doesn't agree with most of what the Orthodox or Hasidic Jews believe is mandatory.,literal
North Korea Says Seoul Submarine to Have Nuclear Domino Effect,figurative
Poland says 2 Ukrainians working for Russia are suspected of being involved in railway blast,literal
40% of young U.S. women want to leave the country: Gallup poll,literal
Sleeping Dogs is the best GTA game I have consistently come back to this absolute gem since it's release in 2012. Not only is it the best GTA clone ever created I'd argue that it's better than every entry in the GTA franchise. The character development the perks and upgrades available the absolute endless fun of the hand to hand combat the offensive driving... United Front Games truly created a masterpiece.,figurative
Senate officially passes the Epstein files bill sending it to Trump,literal
Welcome to /r/AmITheAsshole. Please view our voting guide here and remember to use only one judgement in your comment. OP has offered the following explanation for why they think they might be the asshole... [continues with subreddit rules and bot message],literal
Prison staff who leaked information about Maxwell's preferential treatment have been fired lawyer says,literal
Jeffrey Epstein's Brother Claims He Heard 'from a Pretty Good Source' That Epstein Files Are Being Scrubbed of Republican Names,literal
TV shows would do better if they were more like the Andy Griffith Show and similar programs Because when I look at TV shows today it's nothing but violence cuss words and the characters being very mean-spirited to each other. When I look at Andy Griffith I see friendliness no cussing good humor good music and the show exists for the sake of entertaining people.,literal
The rye chips in Chex mix are the worst part Their texture is too hard and they taste like burnt toast. Idk why people like them and so much so that they actually created an entire new line of just rye chips. Whole bags of rye chips for people to munch on...,literal
I dont wanna be that guy but...music in video games breaks my immersion I have been playing Abiotic Factor a game that is much like Half Life/Black Mesa. I never played those games with music. Same with Outlast just no music. I don't get scared or spooked if music is on. Although what i do like to hear is the ambient sounds...the environment...,figurative
Didn't China do this last year to the Phillipenes and everyone got pissed?,literal
nope.... we as a society can judge. It's not healthy. Its fucked up. its gross. she has daddy issues.... we can judge her for it. We can judge men who like these kind of relationships too.,literal
I hope they screw this up royally somehow and he spends the next 3 years embroiled in scandal and litigation on thos issue instead of enacting all the stuff they want to do.,figurative
Please remember what subreddit you are in this is unpopular opinion. We want civil and unpopular takes and discussion. Any uncivil and ToS violating comments will be removed and subject to a ban. Have a nice day! I am a bot and this action was performed automatically. Please contact the moderators of this subreddit if you have any questions or concerns.,literal
Ramen noodles should include broth If a customer goes to a restaurant and order a side of ramen noodles they should receive the noodles AND the broth. Not just some dry noodles...,literal
Immigrants Unlawfully Detained by ICE in New York to Receive Over $100 Million in Compensation,literal
Not taking a lunch break isn't a flex it's poor time management. This is specifically directed at people in the office who brag about being soo busy they don't have time to take a lunch break. Bonus points if they're passive aggressive towards you for taking your break. It doesn't make you sound like a hard worker it just sounds like you have poor time management skills.,figurative
I doubt if many people in Ukraine expects to get that territory back in the near future. They would accept a ceasefire if the terms recognized the lost ground as still belonging to Ukraine but any proposal that cedes it to Russia is a non-starter. They MIGHT agree to give up claim to the territory if they also were made a NATO member at the same time. But that's not happening.,literal
Apparently it is so complicated that it cannot be audited.,literal
Wedding speeches are cringe factories and need to die I was best man last June. The groom's dad went full karaoke into a mic that wasn't even on for five minutes. I still taste the secondhand embarrassment. Then the maid of honor read a poem about the bride's dead cat. People cried for the wrong reasons. I drank my water glass like it could erase sound. We clapped because we felt bad. That's not love it's hostage negotiation with cake. Let couples text their thanks and spare us all the sweat.,figurative
This is my complaint about any episodic streaming show on hulu/netflix or whatever. There's enough there that it would be good if it was like one... maybe two movies instead of a bunch of meaningless fluff in between. Movies can be great precisely because you cut stuff down.,figurative
Same for Israel's current administration. Both suck pretty horribly and toy with civilian lives,figurative
Yes. I am transitioning. We can do that right? How am I not arguing on good faith? If the guy came up with a litany of reasons then yes sure I would've been like OK that makes sense. But his answer just raised more questions. Seriously it sounds like you are not arguing in good faith. To prove my point let's do some math. Let's say he has 100 interim staff he needs to pay for. That's a ridiculously huge number but just for the sake of argument all allow it. 100 staff members needed before January is 0.002 percent of the amount of resumes he's received. Are you really suggesting that he should not use AI to disqualify the resumes that clearly do not meet requirements? Because doing so would bring that number way down to a reasonable amount that you can vet by hand. If that's the case that alone proves you are not arguing in good faith.,literal
US colleges see 17% drop in newly enrolled international students report finds,literal
The trend of calling everything slop is lazy and stupid. It's like the next evolution in a trend of just bunching everything you don't like into some category defined by a word. First things you didn't like you'd say that's gay then everything you don't like is cringe now everything you don't like is just slop. Is it that hard to just express why you don't like a thing give your perspective and *gasp* listen to people who don't agree?,figurative
So the plan is for Ukraine to give up some of its land and shrink the army and their ability to fend off another invasion? This is a plan to embolden Russia and to give them an edge when they invade Ukraine the next time.,figurative
he is just such a bad Politician. He makes the most unforced of errors for no reason what so ever. Moves himself into any corner he can find and pisses of even his own party.,figurative
The writing is of the same quality as Lotr. And the same adaptation methods. The script pacing themes and adaptation are not developed to nearly the caliber of the Lotr movies. Tauriel oh boy god forbid they want a female presence. JFC dude this is a terrible straw man and you know it. She exists solely to facilitate an unnecessary and poorly developed love triangle. Look man they're not bad movies and the internet can as a rule always benefit from a few deep breaths but most people would agree that there's a clear difference in quality between these two trilogies...,figurative
School Bus Stop Tickets are more about generating revenue than safety in my county there are school bus stops that are known as ticket generators - using cameras to autoflag drivers. the judges even acknowledge that they get several per week or even day from the same stop if you go to fight it. if there is a bus stop that is generating multiple tickets per day or week (which there are in many locales) at that point it's the county deciding to put kids at risk to generate revenue.,figurative
Weren't they trying to pretend the all the red hand pins they're wearing aren't a reference to the Ramallah lyching but some other 'symbol of resistance' that just happens to look exactly the same? ðŸ¤”,figurative
Russian spy ship pointed lasers at RAF pilots tracking it says UK,literal
Australia's eSafety Commissioner called to testify before US Congress and labelled a 'zealot',literal
Funny the US convinced them to give up nukes and pinky promised they'd have Ukraine's back if russia took advantage. Wonder how that worked outâ€¦,figurative
Donald Trump tells reporter 'quiet Piggy' when asked about Epstein files,literal
This. Why is Google plugging the same b.s. article (posted by different sources) lying about IRS confirmation of Trump's $2k stimulus? Yesterday my Chrome homepage suggested this link and today it's been recycled with a new source. A quick search of IRS.gov comes up empty so are they complicit in the White House's deception?,figurative
Fetterman can't realistically run as a Republican. In a GOP primary they never vote for GOP-lite. There would be multiple MAGAts running to his right and one of them would win the primary. Fetterman's senate career will finish after 1 term because he could not win a Dem primary either.,literal
The Charlie Kirk purge: How 600 Americans were punished in a pro-Trump crackdown,figurative
Fuck no lol it's not remotely good. Tolkien rolled in his grave when Hollywood shit that thing out You can like it. That's fine. But as a piece of the LOTR universe it breaks so fucking much of the lore it objectively is not good LOTR content.,figurative
Majority of corporate Trump ballroom donors represented by 3 lobbying firms watchdog says,literal
This guy is a fucked up vile human being. He's mentally ill and has been for decades. He needs to be placed in a psychiatric ward.,literal
MI5 spy agency warns Chinese agents are trying to recruit UK politicians on LinkedIn,literal
Truly weird timing if anything now that the Epstein files will inevitably be released you would think pootin grip on trump has been rendered useless (trump will say those evidence videos are all AI case closed). So why trump is still catering to pootin is just beyond me,figurative
This submission has been removed as your elaboration was less than 160 characters (roughly two or three standard sized sentences). If you wish to resubmit the post make sure you include an elaboration/explanation to your post that is has more content. Please read Rule 1 and the rest of them while you're at it. Note that Reddit's character count is unreliable as they count spaces whereas I'm programmed to not count spaces and there's nothing the mods can do about it. I am a bot and this action was performed automatically. Please contact the moderators of this subreddit if you have any questions or concerns.,literal
Trump Says He Will Approve the Release of the Epstein Files. But There Are Loopholes.: The bill has not yet been presented to the president and it wasn't clear when it might reach his desk.,literal
Death toll from Russian airstrike on Ternopil in western Ukraine rises to 25 including children,literal
Any country doing business with Russia will be 'very severely' sanctioned: Trump,literal
instead of being upset at Israel for using the cluster munitions perhaps be upset at Hezbolla for attacking Israel in the first place. While one may believe whatever they want about the legality/morality of Israel's use of these weapons they would not have been used if Lebanon (and the UN) hadn't let Hezbolla setup a mini terrorist state in south Lebanon and use it as a base to attack Israel.,literal
Ukraine Confirms ATACMS Strike on Military Targets in Russia,literal
Joy Cons should've revolutionized controllers They may have not been perfect with weird flat non ergonomic design cheap plastic feeling and the obvious stick drift but just the option to move my hands freely without holding them tightly and stiff together is a godsend. They make gaming for longer sessions so much more comfortable when I can just relax my arms. Other consoles should've catched on and at least created their own options of this maybe even have driven it further to perfection,figurative
Ex-Trump WH lawyer Ty Cobb blasts Comey case: 'Both Halligan and Bondi should be disbarred',figurative
Pope strongly backs US bishops in blasting Trump immigration crackdown urges humane treatment,figurative
Nearly all immigrants detained in Trump Chicago raid had no criminal conviction,literal
Japan warns citizens in China about safety as diplomatic crisis deepens,figurative
Maybe theyÂ´ve sent Ukraine a box with Not Taurus written on it where totally random parts for a new missile will be contained and will totally not be a Taurus once you put them together.,figurative
It's a built in excuse when they inevitably don't send it out,literal
They exist in ceasefires and they exist in wars. The only time you ignore proportionality is if you believe the other side is less than human historically.,literal
US to designate Venezuela's Cartel de los Soles as terrorists,literal
NYC Mayor-elect Zohran Mamdani asks for donations to help cover $4 million in transition expenses,literal
Texas Republicans started a national redistricting arms race. They may be losing.,figurative
Canada's Oil Sands Make Their Comeback as US Shale Plateaus,figurative
Cloudflare outage causes error messages across the internet,literal
Senate unanimously votes to send bill demanding Epstein file release to Trump's desk,literal
Hit dogs hollerâ€¦or they seethe with rage and vow retribution against anyone who exposes them. The dog that didn't bark...,figurative
in other news the Trump administration is expecting a large number of donations for trumps ballroom to come in the next 20days. They ask that you give them at least 10 days to redact your name from the Epstein files,figurative
Don't worry they will F it up in time for elections,literal
Lawmakers want to let users sue over harmful social media algorithms,literal
Top Italian court approves handover of Ukrainian Nord Stream suspect to Germany,literal
LGBTQ+ Mega Thread Please post all topics about LGBTQ+ here,literal
Early Greek repayment gives France surprise budget boost,figurative
Saab can match U.S. F-35 deal for Canada: Swedish deputy PM,literal
Ukraine alarmed as US pushes peace framework aligning with Moscow demands,literal
Pink Floyd is mid Not only are they not one of the best rock bands they are not in the top 5 of british bands. Barely in the top 5 for prog. Drugs. That is what makes this band interesting to people. It seems like everyone who champions them has had their mind altered by taking acid or a copious amount of weed. One shouldn't have to disturb their brain chemistry to get into them...,figurative
Zelenskiy meets Turkish president as word emerges of new US peace push,literal
The Hobbit Trilogy is perfectly fine No its not the Lotr. If you expected it to be that's your own problem. Going into it thinking you were going to experience watching Lotr for the first time again is what ruined it for many of you...,literal
Realistic alternative involves Ukraine making its own decisions not strongarmed from the US with a deal the US chose.,figurative
It would be a shame if a bunch of angry Ukrainians mysteriously appeared and did something to it and then vanished just as quickly as they appeared,figurative
Acquiring and driving an old car is better than doing so a new car. I drive a '92 VW Jetta been driving it for the past 5 years. Got it for cheap spare parts are easy to find mechanically easy to fix car is simple has style does what is intended to do: get you from one place to another. People just don't want to deal with others criticising their old raggedy bucket overall worried about what others may think of them. Financial stability >>> keeping up with societal norms,figurative
Germany confirms long-range missile delivery to Ukraine amid strategic shift,literal
Completely agree I don't care what anyone says I like that there is more LoTR media and ok the story isn't the best sometimes but it's well-made and visually amazing. Plus anything that has more Galadriel will never get complaints from me.,literal
Porsche is an ugly duck-looking car They have an ugly long duckbill hood. It'd be nice if I could like it and not unwillingly gag in disgust whenever I see one but they're just so damn ugly. Because of their long hood it just looks like an ugly duck.,figurative
Canada geese aren't scary and people who make a big fuss about them are crybabies But they poop on my golf course :( IDK DUDE geese love water and are grassland foragersâ€”don't construct the perfect habitat for them and be mad when the homies roll up. But they're bullies when I feed the ducks :( taps sign Don't feed the wildlife bro. Get outta here with your breadâ€”it ain't good for birds anyways?? They're CUTE and CHARMING and their bites DON'T actually hurt at all.,figurative
Sanctions Choke Off Russia's Oil Flow to Chinaâ€”Crude Imports Nosedive 66%,figurative
Dutch government suspends intervention into chipmaker Nexperia,literal
None of this screed addresses the notion that Europe is one of the major sources of funding for Russia's war in Ukraine and that they've failed to rise to the threat of Russian revanchism. I wasn't addressing that notion. You wanted me to address that notion because you think you can somehow argue against that with uhm well we technically spend a couple billion more on oil than on Ukranian aid. Checkmate! when that has been frequently explained by the fact that a) purchases of Russian resources have diminished by sometimes as much as 90% compared to pre-war levels and b) the remaining 10% of purchases are only waht is necessary so Europe has the manufacturing capacity to actually continue supporting Ukraine. The remaining 10% are scheduled to run out in 2027 and the only one who will still keep importing is Hungary cause we know Orban sucks Putin's dick. Literally a ton of the support necessary for your statement to work is that yes two countries in Europe are Putin stooges so we know they do and will continue to buy resources. That doesn't invalidate the 90% drop compared to pre-war levels and the complete phase out. You can complain all you want about Trump (and fuck that guy all the way to the sun) but if Europe had been pulling its weight since the beginning of this and actually showed some real goddamn initiative Trump wouldn't matter. We've been consistently supporting Ukraine more than the fucking US throughout mid-2025 to the tune of 10-20% more and the only reason Americans even go back on this shit is because while they deliver weapons directly and inflate the worth of 20 year old equipment we directly pay premium for these weapons. America has taken a rocket worth a million in 1995 slapped a $1 million price tag on it in 2025 and sent it over to Ukraine at a premium while the MIC re-stocks the American capacities. I know it's something Americans don't like to hear but even fucking Biden slow-trickled the aid deliveries and inflated the numbers to give the MIC more profit. You're a polity of 500M people demanding that a nation of 330M people save you from a nation of 120M people I don't demand shit from you.,figurative
So just to clarify your response to: I think it's reasonable to allow myself just one thing for my own sake and do that my way even if my girlfriend wants otherwise. ... Is that he's an asshole for wanting this?,literal
More Trump BS â€¦ and the can continues down the road â€¦,figurative
Ukraine has never been an ally stop trying to push this. The west is just backing them to get at Russia and nothing else,figurative
Yes but people expect better than fine as they should when it comes to Tolkien Peter Jackson and his adaptations. They don't expect 74 marvel sequels,literal
Poll shows Democrats with biggest generic ballot lead since 2017,literal
The best Reese's are the minis There. I said it. Not everyone likes peanut butter that much and Reese's actually made me despise peanut butter more. The mini ones are perfect with a balanced ratio of chocolate to peanut butter. That is a candy. If you want peanut butter then just eat peanut butter. I am pretty sure that Reese's sells their peanut butters in jars too.,literal
Are these the five women who could bring down Donald Trump?,figurative
This article is weak. The actual bill says... [long quote of bill text] ...They doubled her homework if she redacts.,figurative
Open Season is genuinely a great movie Say what you want about the sequels but nostalgia aside the first Open Season movie is overhated and it's way better than it gets credit for. It's a simple story with a good message the early 2000's vibe even some emotional moments and beautiful animation for the time. Let's not forget that it's a Sony film first animated one at that and well... Sony doesn't exactly have a good track record they're only sometimes able to make a good film but that was a really good start and a classic childhood film for many people.,literal
Russia's flagship oil price drops as buyers retreat ahead of US sanctions,figurative
Donald Trump's White House ballroom targeted in new bill,literal
Argentina's annual inflation falls in October to lowest since mid-2018,figurative
Continuing to kick the can down the road... gotta try to stop this disaster from impacting elections and all.,figurative
So they have to give up land and weaken their defenses against being attacked like this again. Yup. Sounds like a Trump deal.,figurative
This is one of those popular unpopular opinions. Most people don't really care one way or another. If their clothes have brands/logos on them. It's incidental mostly. Then there's the folks that DO care about logos and brands which is who you're talking about. They're not really a majority they just happen to be noticeable. Then there's the folks that are the opposite and refuse to buy something with any branding on it....even if it's an otherwise quality product at an otherwise reasonable price. So I don't really think it's unpopular or popular...it's just most people don't really even have much opinion beyond being aware of it.,literal
Not sure where you got any of your information but it's basically all false. AI is so much more than just LLM companies trying to sell you a chat bot. Every single sector of the economy is integrating AI into it. I've been designing and building supercomputers for a very long time and this AI craze is nothing new it's not unique at all. Like I have mentioned in other replies every single sector is using AI in some way or another right now with huge success. Everything from the hyperscalers and tech giants all the way down to grocery stores and gas stations. HPC has been around for a long time and GPU's were slowly adopted over decades with recent advancements in software exploding the usefulness of CUDA and other similar alternatives. Machine learning finally hit a critical mass to be broadly applicable in every single sector... it's not gonna go away unless something better replaces it.,figurative
Sports gambling isn't that bad and is unfairly vilified. I get it gambling is in general bad the house always wins. Most people will net lose money. The adds are annoying and everywhere... But you'd think Fan Duel personally stole everyones first child... I know more people who've ruined their life on the stock market then on a Sportsbook. But no one wants to abolish brokerages and ban Robin Hood in their state...,figurative
Macron Announces Joint EUâ€“US Effort to Curb Russia's Shadow Fleet and Oil Revenues,figurative
Would kill for a limited series or movie just about the Witch King,figurative
Boost to warfighting readiness as Britain's aircraft carrier fully 'mission ready' and committed to NATO for the first time,figurative
We need to change the term conspiracy theories to conspiracy hoaxes I feel like using the definitions for the words conspiracy and hoax will hopefully back up my argument: A theory is a scientifically acceptable or plausible general principle or body of principles based on facts A hoax is a plan to deceive someone. We should use the term conspiracy hoaxes because half of these are just built to deceive and lie to people about history about politics about literally anything.,literal
Madagascar Leader Finds Huge Emerald in Presidential Palace,literal
Muslim Brotherhood siphons funds from Gaza donations,figurative
Thankfully he is. It's just that his best aren't very good.,literal
west Taiwan still upset that other countries have their own territory. careful you might crash again,figurative
It's my lack of faith. These people are too stupid to switch to a better alternative for their evil causes. They will need some kind of clown or famous rapist or some guy that shot a black guy or something to rally behind,literal
Ocasio-Cortez Says 'We Should Not Be Entertaining a Bailout' of AI Industry as Bubble Fears Grow,literal
I'm a people pleaser Is just a less humiliating way of saying I'm spineless Title. Whether it be online posts or IRL self descriptions of behavior its just a way to admit you're a coward without having to use such obviously humiliating language to describe yourself.,figurative
This submission has been removed as your elaboration was less than 160 characters (roughly two or three standard sized sentences). If you wish to resubmit the post make sure you include an elaboration/explanation to your post that is has more content. Please read Rule 1 and the rest of them while you're at it. Note that Reddit's character count is unreliable as they count spaces whereas I'm programmed to not count spaces and there's nothing the mods can do about it. I am a bot and this action was performed automatically. Please contact the moderators of this subreddit if you have any questions or concerns.,literal
Gaza water provider suspends services after Hamas detains staff member,literal
Politics Mega Thread Please post all topics about politics here,literal
Yes because the age of my newly made Reddit account really takes away from my valid & accurate point. Go be a bot elsewhere the adults are talking.,literal
Thirteen people killed in Israeli strike on Lebanon's Sidon Lebanese health ministry says,literal
Zelenskyy faces pressure to fire top aide Yermak amid corruption scandal,figurative
'No easy options': Von der Leyen urges EU countries to plug â‚¬135bn gap for Ukraine,figurative
Trump Family's Business Ties to Saudi Arabia Raise Ethics Worries: President Trump will host Crown Prince Mohammed bin Salman Saudi Arabia's de facto ruler who oversees a major construction project that is in talks with the Trump family business.,literal
Working Families Party to support challenger to John Fetterman,literal
Not necessarily always true just starts demanding higher possibly currently unknown forms of EDAC. If they can get reproducibility I'm sure the science will start working on getting that number up and making it easier for EDAC. If anything I'd that's the kind of number of plausibility that will light a fire in those connected areas of science should reproducibility happen.,figurative
Sheinbaum again dismisses Trump's threat of sending troops to Mexico: 'We do not want intervention',literal
Pardoned Jan. 6 rioter arrested on child molestation charges adding to pattern,literal
I like it you can have your opinion on it but mine won't change.,literal
Saying you're bad at math is like saying you're bad at thinking From inicial school math to abstract mathematics courses it's essentially pure reasoning; all properties and theorems have proofs and a logical explanation. That said many people struggle not because they genuinely lack the ability to learn but because they never bothered to learn the fundamentals. And math is cumulative; if you don't know one topic it's difficult to move on to the next.,literal
I think this sub is generally very quick to call things abuse but this absolutely is abuse. Start developing an exit plan.,figurative
Thanksgiving dinner is massively overhyped... Here's my scorching hot take...Thanksgiving dinner isn't actually good. Turkey mashed potatoes stuffing...they're three of the blandest most flavorless foods imaginable and if they weren't wrapped in decades of cultural hype nobody would ever look forward to this meal...,figurative
Are you not bisecting your leafy greens before forking them?,literal
Forgiving someone doesn't automatically mean they have to forgive you if the roles were reversed context is people sometimes claim its hypocrisy if a person forgave you for something and you dont forgive them for the same thing. The issue is everyone have different priorities. What you was forgiven for may have not been of value to them as it was if the offensive was committed against you...,literal
I'm sick and tired of a President that doesn't respect women. Donald you have no right to speak to a woman or any person as a matter of fact in such a degrading manner. Fact is you are the PIG in the room,figurative
we can start from the beginning if you want when hamas did not return all the hostages in the timeframe delineated. (and they still have not). seems like the first violation was Hamas.,literal
House passes resolution demanding Epstein files release,literal
'Full of sâ€”t': Why Jasmine Crockett and others aren't buying Trump and Republicans' change of heart on Epstein files. Crockett said she believes Trump and Republicans will ultimately bury the contents of the files despite their newfound public support for the release.,figurative
Altered carbon season 2 was phenomenal but Anthony Mackie ruined it. As the title stated. The story was great the source material was fantastic. But here's the caveat Mackie's range was not fit for the role and because netflix season 2 is all we get. They miss cast and we get screwed.,figurative
Fantasy Football leagues should take Thanksgiving off Thanksgiving and Football they are basically one in each other. And that is great getting together with family to watch the three NFL games every Thanksgiving is very much part of the tradition and I very much cherish that experience at my Thanksgiving gatherings. But when it comes to fantasy you have a lot of family members distracted on their phones worried about their bets their standing and all of the heavy attention it requires...,literal
He'd be spending his retirement in prison if he didn't run again & win.,literal
Bill targeting White House ballroom donations introduced by Democrats,literal
Board it or let it go as always. For those who say Eu is 5x stronger than ru i agree. But being stronger means nothing if you dont act.,literal
destination weddings are selfish not always of course but if you KNOW your friends and family can't afford it or can barely afford it and you know it's going to be difficult for most of your guests to make arrangements it's just a shitty move...,literal
how can you keep making money from the sales of weapons to europe to give to ukraine and look innocent to the world at the same time? by regurgitating the same narrative over and over and over and over,figurative
What is the equivalent ceasefire Israel broke to the one Hamas broke on October 7? Honestly want to understand.,literal
Then...why tf did he heel turn and suddenly openly endorse supporting the vote???,figurative
Space Age Love Song is arguably A Flock Seagulls best song. And not I Ran (So Far Away). A Flock of Seagulls is definitely most known for I Ran and while I absolutely do love the song it's not their best song. Space Age Love Song literally hits all the right chords. Perfect New Wave.,figurative
The godfather part 2 is not as good as the godfather part 1 The main story with Michael is fine (even though I feel like Michael cames out as almost invincible which Vito wasn't in part 1) but all the parts with young Vito in part 2 were genuinely boring and worse of all unnecessary and should have been cut to give more space to the main story. I really don't feel like there was any need to expand on Vito's story and his narrative arch in part 2 wasn't well done,literal
He was an NSC staffer so he may not legally be allowed to disclose the contents (although he did in very general terms). Note that he is the twin brother of Alexander Vindman who was involved in Trump's first impeachment.,literal
I totally understand that mindset. Again though if he rest of the world stops pouring money and equipment in Ukraine they aren't going to have any other option. I think this is eventually going to happen.,figurative
colorless gemstones are the jewelry equivalent of beige walls White sapphire diamond quartz etc. Sure they sparkle but they're boring. Emeralds pink sapphires chocolate diamonds etc. are all more visually exciting than a simple clear flawless diamond or other similar looking stone.,figurative
Modern smartphone camera tech fucking sucks. Photography on an iPhone absolutely blows cock why tf are they putting so much engineering into their cameras just to be used casually by people who are complacent/blind to the horrid post processing done to their photos that you cant even escape in RAW mode? I bought an old ass digicam from 2001 with a 6.0 megapixel sensor and the photos are so much sharper and charming than anything iPhone can do.,literal
She was invisible for most of Biden's term the dems skipped the primary and pushed Biden as the re-running candidate then decided last second that actually Kamala should be the dem frontrunner. Democrat voters never got to choose. We were told who to vote for and that's not really what Democrat voters like.,figurative
Totally agree and well put! Its a shame people have downvoted you into the negatives!!,literal
Mike Johnson's Gamble on Releasing Epstein Files Blows Up in His Face,figurative
Trump's 'piggy' comment extends his lengthy record of routine misogyny,literal
Google's Demis Hassabis warns of a potential AI bubble,figurative
Gate attendants at airports should be more genial and presentable good morning passengers thank you for joining us at frontier Airlines flight #### with nonstop service to (city name). We will begin boarding in approximately 5 minutes... I just think the gate attendants could make an effort to address passengers with a little more geniality... But everyone is always telling that professionalism is important. And while safety is at the forefront I think it's important that airports try going back to creating an experience which makes people less reluctant to fly.,literal
Can anyone explain why we live in a world where anyone cares what Laura Loomer thinks even if she is right?,literal
Russia temporarily halts flights at Krasnodar airport,literal
AOC warns we may be in a 'massive' AI bubble with '2008-style threats to economic stability',figurative
Spoons are the superior utensil to scoop someone's eyeball out with.,figurative
Once I read Anne Bower @lawfare 's piece the other week about Halligan reaching out to her and starting a dialog about the Comey case all because Bower's retweeted a NYT article I knew this was going to get interesting fast. Halligan is not only insanely out-of-her-depth she's confident too. Hoo boy pass the popcorn.,figurative
Water gymnastics is not that beautiful or impressive of a sport I'm not saying I could do any of that because I can't but whenever I see videos of it from the olympics it just looks like curated thrashing in a pool with the occasional flip or whatever. I get that the pools are see-through so you can see everything happening below the water and the body control in such a deep pool is admirable but it doesn't change my mind. It's not an impressive or jaw dropping sport no matter how good a routine or group supposedly isâ€¦everyone looks like they're drowning and splashing around in cool swimsuits.,figurative
Federal judges block Texas from using its new US House map in the 2026 midterms,literal
Maybe negotiate a cease fire to allow people to vote? A ceasefire can be negotiated at any time. Russia refuses to sign one unless it is tantamount to a full surrender and de-militarization of Ukraine.,literal
Using the fork without a jabbing motion. Not that hard to understand guys scooping with a fork,literal
House Speaker Mike Johnson says Senate must stop the Epstein files bill,literal
Pope warns against escalating violence persecution of Christians in Nigeria,literal
Love the universe love the LOTR books and movies read the Hobbit a thousand times as a kid...the Hobbit movie trilogy is boring it makes me feel disconnected...it's just not good. That's not a comparison to LOTR. It's an opinion based on movies in general. Excellent for putting me to sleep when I'm restless though.,literal
After 'Disgusting Display' at White House Omar Says Congress Must Stop Trump Sale of F-35s to Saudis,literal
"Trump's greatest crime is practically invisible: Estimates show that the dismantling of USAID has killed at least 600, 000 to date. It could get much worse",figurative
Considering if Bondi is fired or resigned then Acting AG would be the Dep AG which is Todd Blanche who was Trumps criminal defense lawyer. So I am not entirely sold on this possibility though I agree they'll split hairs on something that everyone will know is total bullshit but the courts will have to entertain. Though if we're going to be imagining all sorts of things say this type of bullshit is done and finally the Republicans/MAGA in both chambers are like fuck it - we will impeach and convict you this time chomo! That would be nice.,figurative
The walmarts usually close down after a few years anyway leaving the area pretty much fucked,literal
Israeli figures warn state has 'lost control' as West Bank settlers attack,figurative
1) Gerrymander Blue. 2) Outlaw gerrymandering. 3) Waive goodbye to the GOP. 4) Put a kettle on.,figurative
His adopted son needs to monitor to make sure he doesn't have too much pleasure.,literal
I mean your analogy is more accurate but did you really expect people to type and explain all that? I like my analogy of two different families of different wealth and number of family members trading with each other. Those families represent countries. Some countries/families will eat more stew. Some will produce more stew. There will always be a trade deficit in some form because not all countries are equal. The grocery store analogy while not accurate is good enough to explain why complaining about a trade deficit is dumb.,literal
Trump's environmental policy is determined to make America poisoned again,figurative
Sounds like Dozy Donald has been calling Putin again â€¦,figurative
Important to view this as a Witkoff plan until we know any different. It is not clear at this stage if Trump was even on board. In fact there are some indications he might not have been. Certainly hard to believe the adults in the room â€” Rubio Kellogg â€” were in the loop. Is Witkoff just an incompetent moron or is stirring the pot his job?,figurative
10 people died due to the Russian attack on Ternopil among 37 injured twelve are children there are people under the rubble - MIA,literal
China reclaims spot as top German trade partner from US,figurative
All while the Estee Lauder Companies lay off thousands. I know the family's personal wealth is not the same. But they also recently sold $1B in shares to cover estate taxes.,literal
Two Ukrainians working for Russia behind rail sabotage Polish PM says,literal
I've heard of higher energy photons from Startalk briefly. Is it possible there's a higher energy field moving so quickly that it's imperceptible? As if the speed of the universe is one boundary or shell and there could be more like an electrons shells?,literal
China in 'covert and calculated' effort to recruit MPs and peers minister says,literal
The Notebook has gotta be one of the WORST romantic movies ever The notebook is for those couples lowkey and by that I mean the couple that are AWFUL together but stay together bc arguing=passion and comfort=boring they also never stop complaining about each other to their friends the movie also sucks bc 1. She CHEATS on her fiancÃ© day TWO 2. Lies about what she's doing 3. The guy sleeps around with a WAR widow and leads her on,literal
Zelensky Will Try to Revive Peace Talks With Russia During Turkey Visit,figurative
Ok yeah but look at it this way. If someone tells you This cake isn't good for you and then they procede and eat it in front of you how are you going to feel? That's basically what he did to his wife.,literal
Is your mom getting pushback from people maybe even her ex-husband? Because it sounds as if she was into it. NTA. Tell them that it's YOUR wedding and they're not the gatekeepers of tradition. If they don't want to do it the way you want then you will walk yourself down the aisle alone like in the Crazy Rich Asians movie.,figurative
US proposals to end Russia's war involve Ukraine giving up land some weapons sources say,literal
I think there's a difference between a Democrat who works with corporations and a corporate Democrat.,literal
Ukraine alarmed as US pushes peace framework aligning with Moscow demands,literal
Karoline Leavitt admits 32-year age gap with husband Nicholas Riccio is 'very unusual',literal
Japanese minister calls Dokdo (Liancourt Rocks) 'inherent part' of Japan after protests from Seoul over renewed territorial claims,literal
That is a truly unpopular opinion. The problem with the trilogy is that they added stuff that wasn't in Tolkien. It should have been two movies. One through Beorn the other from Beorn to the conclusion. We didn't need the elves turned into good guys nor the elf/hobbit infatuation.,literal
Reselling tickets for profit to be outlawed in UK government crackdown,figurative
Electric vehicle sales are booming in South America - without Tesla,figurative
What peace push ? Collaboration with war criminals for the best deal for them ?,literal
I mean this whole article is according to the IDF. So if you haven't trusted them before I'm not sure why'd you'd treat this article as fact.,literal
He's not confusing the two but he is also kind of wrong... Mussolini 100% started as a socialist; both of his parents were and he personally went so far as being arrested for his work in the Italian socialist party... [continues with historical explanation],literal
Oxford Union students mimic Ramallah lynching gesture during Israeli speaker's visit,literal
Networking events are honestly just exhausting ok so i've been to like 30+ of these things over the past 5 years and i genuinely think they're a waste of time. everyone's like oh you NEED to network but the actual connections i've made? maybe 2 or 3. that's IT. all my real professional relationships came from actually working with people on projects and helping people in online communities...,literal
Red onions should be called purple onions We need to find the person who first saw a red onion and said to themselves Hey I'm going to call it a purple onion. I don't understand how that's possible. Maybe they were color blind I don't know but we need to change the name of red onions to purple onions.,literal
Wrong kind of Nazis. Loomer appears to have no problem with fascism EXCEPT when it focuses on Jewish people.,figurative
What a shocking surprise from our former allies in America.,figurative
They ARE bad movies tho. So very very bad. Much less than the sum of the parts. LOTR was good. It didn't insert a bunch of unnecessary shit. It actually edited reductively.,literal
Please remember what subreddit you are in this is unpopular opinion. We want civil and unpopular takes and discussion. Any uncivil and ToS violating comments will be removed and subject to a ban. Have a nice day! I am a bot and this action was performed automatically. Please contact the moderators of this subreddit if you have any questions or concerns.,literal
Cruise ships are a terrible. I don't understand why people want to go on cruise ships you end up trapped on a floating hotel with a bunch of strangers and or screaming children and the worst part you can't just leave for a few hours to go sight seeing for a few hours like a normal hotel... Cruise ships are just a big scam that pray on the romantic aspect that was made by popular by the movie titanic...,figurative
UN Security Council adopts US resolution on Trump's Gaza plan,literal
Seems like you care about brands than most people lol,literal
First Subspace communication What are you wearing?,figurative
House Democrat pushing for release of full Epstein files predicts contents will 'shock the conscience of this country',literal
Indie games were never that great the only reason they are being so overhyped is because the industry is so bad that we don't have any option but to cope with these smaller titles Just play old games Indie games were never the standard in the industry we are only talking about them because there is no standard anymore. The dark age has come and so has the copium. Just play older games instead of trying to find some hidden gem nowadays.,figurative
Romania scrambles fighter jets after drone breach during Russian strike on Ukraine,literal
Action movies are way too boring Talking specifically about heavy action movies with hand fighting or car chases like John Wick Mission Impossible or The Fast and the Furious. Most of these movies are WWE for people who don't want to admit they like WWE. The choreography is usually pretty impressive but if you've seen one fake fight you've seen most of them. The movies that use action scenes in place of actual plot or an interesting story just don't appeal to me. Why am I spending 2 hours watching actors fake break windows and fight over guns that always have no ammo?,literal
'Completely normalized': MP condemns latest anti-Israel protest in Toronto's Jewish neighbourhood,literal
Russia demands Ukraine to reduce army and give up territory that it hasn't yet succeeded to invade. Sounds like something it can do by itself without any need from USA if it wishes to do so.,figurative
Poll: Democrats have biggest advantage for control of Congress in 8 years,literal
Also reminder. When you piss off the world to the point of causing war. Having trains that always run on time IS SUPER FUCKING BAD. Because guess what? That arms shipment or troop transport is probably gonna be at X spot between station A and B right about now. Be a shame if something were to happen to it right on time.,figurative
Well given that Reddit is mostly Russian bots now I'm probably leaving this site.,literal
Wiling to bet this has been scrubbed so hard that you can see through it.,figurative
Del deserved to be chewed out by Neil - Planes Trains and Automobiles So it's my yearly rewatch of PT&A and I gotta say I'm not shocked that Neil flipped out at Del...Del is an absolute nightmare and pushed all the right buttons to get the epic tongue lashing from Neil. Did Neil go to far? Sure but he's been with Del Griffith...and well you saw what he did!,figurative
Ukraine signs a letter of intent to buy up to 100 Rafale warplanes from France,literal
Sens. Schiff Curtis Introduce Bipartisan Bill to Create First-Ever Respiratory Protection Requirements for Federal Firefighters,literal
D&D is horribly boring. Maybe I'm just playing with the wrong groups or hell maybe I'm the problem. But D&D (and TTRPGs in general) are so mind-numbingly boring to me... But the second combat or a dungeon come up it's the most boring slog of all time. Hours upon hours to resolve seconds of combat waiting for people to look up from their phones and figure out what they're going to do...,figurative
Cans of soda for $2.5 at a restaurant? That is a steal! Im used to having to fork out $4-8 with no free refills! (Not USA).,figurative
Trump says he will approve sale of F-35 fighter jets to Saudi Arabia,literal
Penny Lane is better than Strawberry Fields Forever It seems to have become commonplace that while Penny Lane charted better SFF is the better song. Is it more innovative? Definitely. Does it sound weirder? Absolutely... But Penny Lane is absolute and utter pop music perfection. Not a note is wrong. The lyrics are magical and evocative. I listen to it and enjoy it more than SFF.,literal
SNAP benefits update: USDA to completely deconstruct program,figurative
James Comey seeks to dismiss 'selective and vindictive' case against him in key hearing,literal
Quantum teleportation between photons from two distant light sources achieved,literal
In my opinion Legolas is the worst part of the Hobbit trilogy. He feels shoehorned in and the editing done to de-age Orlando Bloom is bad at best. Adding him was entirely unnecessary and only took away from the story and added totally unnecessary parts. As others noted they really just added a bunch of stuff so they could make extra movies. All this did was cheapen the story make things more confusing and slow the plot down to a grueling pace,figurative
No he's saying it should be 91/11/5202. The 9 being the smallest unit (days) the first 1 being the next smallest (10's of days) then months then ten's of months etc. still stupid though because that's not how we right numbers,literal
Kash Patel always looks like he's surprised by the fact that he even knows how to breathe.,figurative
Popular Topics Mega-Hub Greetings you opinionated unpopular lot! This is your one-stop shop for all of the ridiculously reposted topics on this sub. This hub and the linked threads below will be replaced every 7 days to keep things fresh.,literal
'We have no choice': Indigenous guards take on cocaine gangs in Peru's Amazon,figurative
Democrats open up biggest polling lead over Republicans in eight years,literal
I was wondering that the ceasefire has been violated dozens of times. I feel like by definition it hasn't been a ceasefire since the first day.,literal
It's not multiple anymore. I've gotten older and I just can't keep up that masterbatory pace like I used to.,figurative
If only the mocking came before the election. Bit late now Rogan.,literal
Side punchout cameras are better than middle punchout cameras on phone screens... The middle punchout forces everything downwards while the side punchout allows for notifications and those icon things to be displayed at the top of the screen. No TV show or YT video has important stuff at the top right and left corners. The punchouts block everything and ruin the experience of a phone so much for such a tiny thing. Your screen real estate is effectively lessened.,figurative
Both DD/MM/YYYY and MM/DD/YYYY are equally as bad As a standard both are fine because the local population understand which 2 digits are month and day and it is identical to how the local language orders dates. The argument that DD/MM/YYYY is better because it's from smallest to largest is just wrong. It's actual order is 2nd smallest 1st smallest 4th smallest etc... YYYY/MM/DD is just much better than both.,literal
Epstein's Bro Sounds Alarm: GOP Is 'Sabotaging' Files Ahead of Release | Jeffrey Epstein's brother says his sibling definitely had dirt on the presidentâ€”but he is unsure it will ever see the light of day.,figurative
Because proportionality is only for certain people it seems according to this brain rotted sub,figurative
The Republican party doesn't break ranks on anything. They must have finished doctoring or redacting the files sufficiently and ended the shutdown and allowed the vote because they're ready for release.,figurative
Massie on FBI DOJ leaders being criminally liable if Trump doesn't release all Epstein files,literal
German Chancellor Merz just wanted home Berlin says after Brazil remark irks Lula,literal
Do people think Smaug was the example of too much CGI in the Hobbit? That's not my impression. I thought he was seen as one of the best things about it. At least at first before the golden statue stuff. It's characters like Azog as compared to someone like Lurtz where the difference is noticeable in a bad way. Or the goblins vs the Moria orcs. They just look much more fake and the whole direction of the scenes more video gamey with little feeling of danger or tension despite the constant action...,figurative
I think that's up for debate. Again the world is going to eventually tire of giving money/support to Ukraine in a war that doesn't seem to be going anywhere. You might not like it but eventually they will have to choose to accept concessions or go at it alone. At that point they only really have one option.,figurative
It's never about peace. It's about pieces and how many can Putin acquire.,figurative
Ukraine corruption case causes stand-off in parliament as anger mounts,figurative
Democrats Claim Florida GOP Rep. Salazar Is In 'Panic' After Sharp Latino Voting Shift in Latest Elections,figurative
In my fairly extensive experience working with lawyers: anything that needs to get done by lower level associates or legal researchers gets done super fast because the whole culture for those folks is working 80 hour weeks to try to get ahead. Anything that needs to get done by older guys and partners takes absolutely forever because they put in their time and are rich and barely do any work anymore. Things like disbarring is a panel of old dudes so yeah good luck getting them to come off the golf course for an hour zoom meeting once a month to talk about it.,literal
https://www.pressdemocrat.com/2025/11/19/economy-jobs-report/,literal
Nepal receives $9.4 million for forest carbon cuts under World Bank's FCPF program,literal
Cover letters are stupid We're not in the 90s anymore. Most jobs are applied online with a clear intent resume and a form to fill. Asking for a required cover letter is plain stupid and a waste of everyone's time involved.,literal
He's following campaign finance law should be the headline. That's all it is after all.,literal
This is a nice poem. :) Hopefully the different way of communication will have a greater impact than what the rest of us managed.,literal
It's a moot point. The war can't be ended by getting people into a room and hammering out a compromise. It must be fought until there's a decisive conclusion on the ground. At that time the parties can horse-trade territory or whatever. The only exception--which is likely but undesirable--is for the war to reach a stalemate. In that case it becomes a frozen conflict ala the Korean War. It would be much better for the US and Europe to back Ukraine until the Russians have to quit. That doesn't mean Ukraine gets all of its pre-2014 territory back however. Ukraine giving up weapons is bad not only for Ukraine but also for Europe/NATO. The country has one of the biggest (if not the biggest) military in Europe. NATO and the EU need it.,figurative
No the ceasefire is not absolute. They have operated according to the negotiated conditions.,literal
Trump's approval falls to lowest of his term over prices and Epstein new poll finds,figurative
Spain Pledges $710 Million in Military Aid to Ukraine,literal
Lengthy record of treating females of all ages like dirt.,figurative
Cold water sucks room temperature water is the best I don't understand people that drink cold water it literally causes the teeth to hurt and you can't gulp it down a lot because it freezes the goddamn neck also it loses it's taste. Room temperature water tastes not better but well it just tastes because it is not covered by being freezing cold also you can drink a lot of it safely to actually satisfy the thirst.,figurative
Ukrainian opposition blocks parliament demands entire government resign over $100M scheme involving Zelenskyy's associate,literal
Well the US/NATO are the ones propping up Ukraine's ability to wage war and were the ones who told them not to take a peace treaty that was offered very early in the conflict so they're not innocent bystanders in all this. And absolutely I wish Russia would just pull out and go home but they are in the advantageous position unfortunately and likely see no reason to throw away their ill-gotten gains,figurative
Hamas simply has to disarm and follow the agreement that is endorsed by all parties including the UN security council,literal
Bangladesh's former PM Sheikh Hasina sentenced to death over student protests,literal
They have to first scrub all the references to Trump and his pedo buddies and replace them all with Bill Clinton,figurative
Aside from the Romeo and Juliet scene Age of Extinction is one of the best Transformers movies. In my rankings it's 2nd just behind DOTM. Cade was a good main character (arguably better than Sam) the designs are the best out of any Transformers film and I found the story enjoyable. I never understood the hate for it,literal
Canada's Carney faces crucial vote on budget that could trigger election,figurative
Russian intelligence likely behind railway sabotage Poland says,literal
sleep deprivation is a serious problem in our society that is always overlooked with the rise of hustle culture and working longer hours to make ends meet sleep is the first thing to be put on the back burner. people meal plan in order to maintain a healthy diet and go on walks during their lunch breaks to ensure exercise but nobody takes the same care to make sure their sleep schedule is balanced everyone has bags under their eyes is addicted to caffeine and brags about not sleeping enough...,figurative
Quit calling the physics constant c the speed of light start calling it the speed of causality. Causality meaning how fast can an action turn into a reaction because even light is beholden to cause and effect.,literal
US unemployment rolls swelled between mid-September and mid-October,figurative
Arby's used to actually be good. For the longest time ive always seen people diss on Arby's. Arby's used to be one of my favorite fast food places to eat. Nothing hit quite like a half pound beef n cheddar with potato cakes and a Dr.Pepper. The only reason I say used to be good is because the arbys in my area have gone extremely down hill. The quality isn't there like it used to be...,figurative
Due to Botched Paperwork Comey May Never Have Been Properly Indicted,literal
720p/1080p still looks good for most games Dont know what all the fuss is about about 4k dosent even look that much different in my opinon sure it looks better but i dont know why i would spend like 300$ for it when 720p/1080p still looks good for most games i would go even as far as saying 480p still looks good but only for some games for games with higher graphics it all gets blurry and besides games arent about the graphics its about the gameplay.,literal
Maybe the massive country two doors down that has explicitly stated their intention to destroy Israel? The two bordering nations that to this day refuse to sign a peace treaty with Israel? Who harbor proxies that threaten Israel?,literal
Overcooked noodles are better than al dante Day old pasta that has been marinating in the sauce overnight is better than fresh cooked pasta. Ramen noodles that get fat from absorbing some soup and is soft enough to just kind of fall apart by smooshing it on the roof of your mouth is better than al dante noodles. Even with fried food fried food that's been doused in sauce and had time to soften up is better than fresh fried crispy ones.,figurative
Dutch Hand Back Control of Chinese-Owned Chipmaker Nexperia,figurative
I haven't shopped regularly at Walmart since pre Covid. Target honestly has a lot of goods priced the same if not even lower than Walmart does. I'd even pay 5-10% more to not have to deal with Walmart people.,literal
People need to step to the right when on elevators or moving sidewalks It is the considerate thing to do. Unless you absolutely have all the luggage that you cant stage it on the side with you there is no reason why you can't stand to the side with your stuff and let others walk past you.,literal
A Chinese firm bought an insurer for CIA agents - part of Beijing's trillion dollar spending spree,figurative
Avatar 2 is a horse girl movie in disguise Most discussions about Avatar 2 was about if it's a good movie or bad about the technical advancements visual effects if it is a cinematic masterpiece or not and other stuff. But my unpopular opinion is that it was a horse girl movie in disguise and apparently no one noticed it just because the gender was switched and the horse was a fancy whale...,figurative
Green bean casserole and sweet potato with marshmallows are gross With Thanksgiving approaching small talk often turns to what people are making or looking forward to having on Thanksgiving. These two dishes seem to come up the most. Green beans are one of my favorite vegetables. Fresh ones from the produce section are the best and frozen are fine but they are one of the worst vegetables to can and most recipes call for canned ones. Then they are covered in some cheesy slop and topped with the crunchy onion things...why are we ruining green beans? Just make a side of fresh ones it's a special meal! Sweet potatoes are already sweet! Adding sugary goo on top is just pointless and buries the taste of the potato. I can only conclude that these recipes were created because people hate vegetables.,figurative
Not really the point. Labor is often 70% of the cost and cheapest vendor often leaves a crew idle and you can't find a similar part that will work. The emergency is the need to stay on schedule or get fired from the current job or miss the next one. Had a crew last year lose a job because they didn't have a part which cost 3 days but that made the us miss the rough inspections which meant the drywall guys went elsewhere and the whole project backed up 3 weeks...,figurative
Everything makes sense once you accept how utterly dumb the average person is..,literal
Putin deepens China ties with visa-free travel regime offer,figurative
Senate ready to quickly pass bill to release Epstein files,literal
It's a democratic hoax. But only democrats are implicated.,figurative
It is not well made at all. The story is all over the place. The world feels small. The characters are inconsistent and so remote from the lore that they're unrecognizable from their LOTR equivalent. The whole time I was watching it I was wondering what the hell was going onâ€¦ The story is bad and cringe and the show is so so bad that I can't actually believe someone liked it let alone liked it more than The Hobbit. Like you have to be a troll. Please tell me no one actually has your opinion. Please don't make this world even more disappointing than it already is.,literal
To Weaken Minority Voting Power Republicans Push For Unprecedented Mid-Decade Census,literal
Slow cooker food is utterly flavorless Anything you throw into a slow cooker will immediately lose any semblance of flavor no matter how much you season it. I do not understand how people can enjoy slow cooker food if they have alternatives...,literal
LeBron doing gambling ads should damage his legacy more than MJ's gambling habit Michael Jordan's gamble habit while maybe a character sleight is a vice restricted to his own personal life. LeBron James doing advertisements for DraftKings is orders of magnitude more harmful to society because it normalizes gambling to all viewers especially young men who view him as some sort of role model.,literal
Ukraine war briefing: Greece signs deal to supply gas to Kyiv over 'difficult' winter,literal
Leave people's relationships alone. How is this about politics. It should be removed,literal
Canada announces massive jump in funding to European Space Agency,figurative
Trump's Anti-Green Agenda Could Lead to 1.3 Million More Climate Deaths. The Poorest Countries Will Be Impacted Most.,literal
Donald Trump Insists He's 'Not a Sleeper' After Photos of Him Closing Eyes in Oval Office Go Viral,literal
Meta Mega Thread Please post all meta topics here. A meta topic is one that discusses the subreddit itself including how it is moderated its rules its megathreads and so on.,literal
Gears of War is a terrible video game series Now let me start by saying if you like this series it's perfectly fine with me. But I personally really don't get what's so good about Gears of War. I've played the games before and every time I was bored out of my mind. I thought the story and characters were really dumb and wasn't well written at all...,literal
Lots of little toppings fall off and are scooped up at the end. Especially if you don't go heavy on the dressing,literal
Rosneft's Ryazan refinery suspended crude processing after drone strike sources say,literal
Texas' redrawn Congressional map blocked by court in shocking blow to GOP,figurative
Trump Judges Throw Out His Meritless Lawsuit Against CNN,figurative
The insanity of having someone prosecute their very first case ever and it be against the former director of the FBI. Everything else aside she's never done any prosecutorial work in her life and they out her on this nationally high profile case. And despite completely fumbling the ball at every turn and complete ineptitude being on display this administration keeps saying she is doing an excellent job. That's the part that glitches my brain.,figurative
Photos reveal German deputies met in Moscow with sanctioned Russian influence network organizers,literal
If you're romantically/sexually interested in someone you should directly tell them how you feel. Instead of being indirect and trying to make hints that you're interested in someone you should tell them... Life is too short for being indirect.,literal
MI5 warns UK Parliament over risk of Chinese espionage,literal
/r/WorldNews Live Thread: Russian Invasion of Ukraine Day 1363 Part 1 (Thread #1510),literal
NTA. Sounds like Mom doesn't want to do it Dad and fiancÃ© want the traditional walk and you want something different. It is great to honor both parents to but you need to find a way that makes you Mom comfortable. And if you don't want just your Dad then walk by yourself. That is also an option. And while weddings are something you and your fiancÃ© should plan together I don't think he needs to dictate who walks you down the aisle. That is a special moment for YOU with the person or people of your choosing. It doesn't have anything to do with him.,literal
Airbus chair calls on Europe to acquire tactical nuclear weapons,literal
Trump Loyalist Admits Grand Jury Never Saw Final Comey Indictment,literal
Gaming Laptops Gaming laptops are a nice novelty but if you just want to game get a console or actual gaming PC... the battery drains too fast... the cooling systems are not fit for purpose and eventually will overheat/fail... always comes with bloatware pre installed... Other than the utility of being able to do other stuff than gaming is there any benefit?,figurative
Ukraine strikes Russian targets using US ATACMS missiles in first public acknowledgment,literal
Mouses shouldn't have become a standard peripheral My gripe isn't against mouses specifically but any input method that involves manoeuvring a cursor. What annoys me about it is that it uses real number coordinates to navigate around the screen which requires a certain degree of dexterity to press buttons and navigate UI. A keyboard key in contrast is either pressed or not pressed...,literal
Polish train track that helped transport aid to Ukraine destroyed in 'act of sabotage' prime minister says,literal
They need to make a new Cash Cab but with Uber/Lift drivers. The amount of drunk people and fun things they could do would be great especially with updated trivia. Plus most cars already have cameras these days so it wouldn't be weird if you didn't want to play.,literal
Overnight oats suck I've tried to like overnight oats. They're relatively cheap easy to make decently nutritious easy to grab on the go. I've tried every combination and every flavor and they all taste horrible. I even like regular oatmeal.,literal
Edit to add more information on what I mean by significant digit: The more change you get when you modify a digit the greater it's significance. The 1st digit of YYYY is most significant because a change in that is +/- 1000 years (e.g. 2025 > 3025) where as the 2nd digit of DD is the least significant. I guess my unpopular opinion is that digits should be taken into account for a format and neither DD/MM/YYYY and MM/DD/YYYY properly sorts by digits. Typo: meant to say the argument that DD/MM/YYY... So... YDMMYYYD? So today date 19/11/2025 would be 21110259 Or are you really badly arguing for YYYY/MM/DD,literal
Ah the ol' red hands dog whistle popularized by celebrities at the Oscars.,figurative
Not 'a ton of optimism' Putin wants Ukraine peace Canadian official says,literal
MBS tells Trump he wants to join Abraham Accords but path to Palestinian state crucial,literal
You serious bro? The prophet himself engaged in and promoted sexual slavery. This idea that Islam has some sort of clear-cut zero-tolerance policy on rape is PC nonsense.,literal
Donating money doesn't make you a good person A lot of time I have seen people defending celebs and influencers by saying They do a lot of charity. I don't think charity makes you a good person. Charity is like investment to them. It just to make themselves look good and make money. They don't really give a shit about anyone. Secondly If someone is earning 2-3 million a year then donating like 1% of your income to charity doesn't mean shit. Not everyone is bad tho. There are genuine good celebs out there but protecting them by saying they so charity is stupid and you should be in jail for being stupid.,literal
The worst part about getting rid of pennies is losing the souvenir coin machines Yeah sure pennies are basically useless. No one actually wants them jingling around in their pockets. But. Those little penny press machines at zoos museums and theme parks? Absolute classics. They cost like 51Â¢ make that satisfying crank-crank-crank noise and give you a tiny piece of shiny nostalgia to take home. Now with pennies being phased out those machines are basically doomed â€” and honestly that's the real tragedy here.,figurative
Trump will 'do everything possible' to prevent Bondi DOJ from releasing Epstein files: Rep. Crow,literal
Put Guillermo del Toro in charge of Dark Universe His version of Frankenstein is the best film version of that story to ever exist... If they were at all smart they'd just give del Toro the reigns say it's all yours make it work and not change anything he does.,figurative
Indonesia's Semeru volcano erupts alert level raised to highest | News,literal
I'm not sure going after former office holders and a non voting member is going to move the needle much.,figurative
Decorated agent trainee fired over Pride flag warns new 'Lavender Scare' is spreading 'like wildfire' at FBI,figurative
